ID,PRICE,LIVING_AREA,LOCATION,COORD
140257110,635000,120.0,"Niederrad, Frankfurt am Main","(50.083698, 8.6443596)"
140899352,1950000,313.89,"Niederrad, Frankfurt am Main","(50.083698, 8.6443596)"
140932206,350000,63.68,"Auerhahnstraße 58, Griesheim, Frankfurt am Main","(50.1011755, 8.5887139)"
140930696,350000,63.68,"Auerhahnstraße 60, Griesheim, Frankfurt am Main","(50.1011119, 8.5887041)"
136648647,1250000,180.0,"Bergen-Enkheim, Frankfurt am Main","(50.1567167, 8.7681275)"
138577622,1249000,380.0,"Oberrad, Frankfurt am Main","(50.1002823, 8.7242791)"
138543449,729000,301.0,"Sindlingen, Frankfurt am Main","(50.080234, 8.509426399999999)"
141101989,759000,153.0,"Praunheim, Frankfurt am Main","(50.149333, 8.6188412)"
140817690,700000,172.52,"Fechenheim, Frankfurt am Main","(50.1247735, 8.7574953)"
140952128,710000,272.0,"Ludwig-Landmann-Straße X, Praunheim, Frankfurt am Main","(50.1411364, 8.6104076)"
140952057,4600000,890.0,"Wielandstraße X, Nordend-West, Frankfurt am Main","(50.1249153, 8.6894984)"
138462126,1520000,266.0,"Sachsenhausen-Süd, Frankfurt am Main","(50.1011147, 8.685017799999999)"
140121720,2890000,300.0,"Dornbusch, Frankfurt am Main","(50.1479878, 8.6663255)"
138780259,1950000,193.47,"Sachsenhausen-Süd, Frankfurt am Main","(50.1011147, 8.685017799999999)"
139675549,725000,100.0,"Praunheim, Frankfurt am Main","(50.149333, 8.6188412)"
140139440,1500000,170.0,"Ostend, Frankfurt am Main","(50.1115462, 8.705952400000001)"
140103931,795000,142.0,"Heddernheim, Frankfurt am Main","(50.1612625, 8.6424693)"
141023126,600000,240.0,"Fechenheim, Frankfurt am Main","(50.1247735, 8.7574953)"
140697992,899000,131.34,"Niederrad, Frankfurt am Main","(50.083698, 8.6443596)"
140426820,982000,239.0,"Seckbach, Frankfurt am Main","(50.1450463, 8.7236713)"
141116800,1490000,125.0,"Dornbusch, Frankfurt am Main","(50.1479878, 8.6663255)"
139744274,599000,110.0,"Heddernheim, Frankfurt am Main","(50.1612625, 8.6424693)"
139702572,8250000,795.0,"Sachsenhausen-Nord, Frankfurt am Main","(50.1011147, 8.685017799999999)"
140901665,645000,131.0,"Griesheim, Frankfurt am Main","(50.0965406, 8.5987565)"
140894514,995000,200.0,"Schwanheim, Frankfurt am Main","(50.085849, 8.5896714)"
139986628,895000,151.46,"Rotdornweg 119, Frankfurter Berg, Frankfurt am Main","(50.1699119, 8.6708635)"
138756394,3650000,574.64,"Westend-Nord, Frankfurt am Main","(50.114932, 8.658699799999999)"
140046733,1300000,194.0,"Kalbach-Riedberg, Frankfurt am Main","(50.1863086, 8.6493991)"
140763168,1999000,550.0,"Nied, Frankfurt am Main","(50.10631009999999, 8.576834999999999)"
139131240,3250000,384.79,"Sachsenhausen-Nord, Frankfurt am Main","(50.1011147, 8.685017799999999)"
134773638,750000,143.74,"Heddernheim, Frankfurt am Main","(50.1612625, 8.6424693)"
136502605,1100000,136.0,"Kalbach-Riedberg, Frankfurt am Main","(50.1863086, 8.6493991)"
139787425,798000,141.0,"Griesheim, Frankfurt am Main","(50.0965406, 8.5987565)"
140681723,539000,126.0,"Schwanheim, Frankfurt am Main","(50.085849, 8.5896714)"
140427529,475000,85.0,"Sachsenhausen-Süd, Frankfurt am Main","(50.1011147, 8.685017799999999)"
140257465,689000,91.0,"Ginnheim, Frankfurt am Main","(50.1424791, 8.6475496)"
140802243,1149000,231.0,"Nieder-Erlenbach, Frankfurt am Main","(50.2031338, 8.7028716)"
135828141,699000,103.08,"Niederursel, Frankfurt am Main","(50.16547620000001, 8.621266499999999)"
140839676,1980000,632.0,"Bornheim, Frankfurt am Main","(50.1309177, 8.7088466)"
135699369,350000,75.0,"Schwanheim, Frankfurt am Main","(50.085849, 8.5896714)"
140821521,840000,217.0,"Fechenheim, Frankfurt am Main","(50.1247735, 8.7574953)"
140045719,1247773,690.0,"Bergen-Enkheim, Frankfurt am Main","(50.1567167, 8.7681275)"
138046283,798000,170.0,"Baumertstraße 39, Fechenheim, Frankfurt am Main","(50.1230292, 8.7690026)"
140490776,3620000,288.0,"Nordend-West, Frankfurt am Main","(50.1294372, 8.6832832)"
140422455,699000,153.0,"Bonames, Frankfurt am Main","(50.18137660000001, 8.664562499999999)"
140926384,1140000,171.2,"Preungesheim, Frankfurt am Main","(50.1542684, 8.6976313)"
139480324,1380000,334.0,"Heddernheim, Frankfurt am Main","(50.1612625, 8.6424693)"
135885196,980000,100.0,"Nieder-Eschbach, Frankfurt am Main","(50.1986096, 8.6706668)"
141019010,4600000,1.2,"Seckbach, Frankfurt am Main","(50.1450463, 8.7236713)"
140223676,950000,180.0,"Bergen-Enkheim, Frankfurt am Main","(50.1567167, 8.7681275)"
138957872,895000,241.0,"Harheim, Frankfurt am Main","(50.1838383, 8.683584699999999)"
140287493,1078000,225.0,"Niederrad, Frankfurt am Main","(50.083698, 8.6443596)"
140417135,750000,100.0,"Sossenheim, Frankfurt am Main","(50.12408110000001, 8.572095)"
140610952,615000,103.5,"Bonames, Frankfurt am Main","(50.18137660000001, 8.664562499999999)"
132000723,499000,110.0,"Geiselsteinweg 28, Preungesheim, Frankfurt am Main","(50.1466491, 8.6984067)"
140355197,895000,171.0,"Oberrad, Frankfurt am Main","(50.1002823, 8.7242791)"
136285499,1670000,233.0,"Sachsenhausen-Süd, Frankfurt am Main","(50.1011147, 8.685017799999999)"
137988465,545000,120.0,"Fechenheim, Frankfurt am Main","(50.1247735, 8.7574953)"
140573679,998000,135.0,"Kalbach-Riedberg, Frankfurt am Main","(50.1863086, 8.6493991)"
140805513,625000,142.0,"Griesheim, Frankfurt am Main","(50.0965406, 8.5987565)"
133067624,770000,120.0,"Unterliederbach, Frankfurt am Main","(50.1077555, 8.5286805)"
139634217,729000,243.0,"Fechenheim, Frankfurt am Main","(50.1247735, 8.7574953)"
140547551,630000,141.0,"Zeilsheim, Frankfurt am Main","(50.0968467, 8.4946741)"
138935170,438000,120.0,"Nied, Frankfurt am Main","(50.10631009999999, 8.576834999999999)"
140439992,490000,126.3,"Sindlingen, Frankfurt am Main","(50.080234, 8.509426399999999)"
139358710,750000,123.0,"Nordend-Ost, Frankfurt am Main","(50.12707529999999, 8.6974679)"
138929395,900000,194.0,"Rödelheim, Frankfurt am Main","(50.127714, 8.607680499999999)"
140234089,720000,130.0,"Bonames, Frankfurt am Main","(50.18137660000001, 8.664562499999999)"
140324180,750000,110.44,"Sachsenhausen-Süd, Frankfurt am Main","(50.1011147, 8.685017799999999)"
139156354,1190000,223.0,"Preungesheim, Frankfurt am Main","(50.1542684, 8.6976313)"
140902003,2500000,618.0,"Hausen, Frankfurt am Main","(50.13494739999999, 8.6270024)"
140861153,1196000,291.0,"Nieder-Eschbach, Frankfurt am Main","(50.1986096, 8.6706668)"
140932032,3395000,768.61,"Nordend-Ost, Frankfurt am Main","(50.12707529999999, 8.6974679)"
139891109,2400000,610.0,"Burgstraße 76, Bornheim, Frankfurt am Main","(50.1254689, 8.700258)"
136997992,1095000,222.7,"Harheim, Frankfurt am Main","(50.1838383, 8.683584699999999)"
139268334,1100000,293.0,"Schwanheim, Frankfurt am Main","(50.085849, 8.5896714)"
139166769,450000,91.0,"Frankfurter Berg, Frankfurt am Main","(50.1666804, 8.673822399999999)"
139766290,485000,120.0,"Heddernheim, Frankfurt am Main","(50.1612625, 8.6424693)"
139634462,698000,129.7,"Praunheim, Frankfurt am Main","(50.149333, 8.6188412)"
136823066,610000,183.0,"Praunheim, Frankfurt am Main","(50.149333, 8.6188412)"
135036922,1475000,560.0,"Berkersheim, Frankfurt am Main","(50.169464, 8.7023583)"
140305253,1490000,246.05,"Heddernheim, Frankfurt am Main","(50.1612625, 8.6424693)"
139462975,798000,143.0,"Bonames, Frankfurt am Main","(50.18137660000001, 8.664562499999999)"
138132502,885000,228.0,"Nied, Frankfurt am Main","(50.10631009999999, 8.576834999999999)"
139535133,1595000,381.0,"Bergen-Enkheim, Frankfurt am Main","(50.1567167, 8.7681275)"
132019728,675000,245.0,"Bodenseestr. 5, Fechenheim, Frankfurt am Main","(50.1243998, 8.7674149)"
140739814,495500,314.0,"Frankfurter Berg, Frankfurt am Main","(50.1666804, 8.673822399999999)"
139946617,615000,133.0,"Niederursel, Frankfurt am Main","(50.16547620000001, 8.621266499999999)"
139761530,1200000,290.0,"Gallus, Frankfurt am Main","(50.1047735, 8.642458)"
138220106,475000,101.0,"Unterliederbach, Frankfurt am Main","(50.1077555, 8.5286805)"
140509790,695000,138.0,"Unterliederbach, Frankfurt am Main","(50.1077555, 8.5286805)"
138658129,629000,100.0,"Fechenheim, Frankfurt am Main","(50.1247735, 8.7574953)"
134426303,4000000,595.0,"Nordend-Ost, Frankfurt am Main","(50.12707529999999, 8.6974679)"
139496763,699000,162.0,"Rödelheim, Frankfurt am Main","(50.127714, 8.607680499999999)"
139919381,1350000,175.0,"Sachsenhausen-Süd, Frankfurt am Main","(50.1011147, 8.685017799999999)"
139219486,349000,223.74,"Griesheim, Frankfurt am Main","(50.0965406, 8.5987565)"
138831732,790000,110.0,"Nieder-Eschbach, Frankfurt am Main","(50.1986096, 8.6706668)"
136402019,1850000,191.0,"Kalbach-Riedberg, Frankfurt am Main","(50.1863086, 8.6493991)"
136402282,1750000,193.0,"Kalbach-Riedberg, Frankfurt am Main","(50.1863086, 8.6493991)"
139675712,1150000,250.0,"Bergen-Enkheim, Frankfurt am Main","(50.1567167, 8.7681275)"
137920254,1187000,299.5,"Bergen-Enkheim, Frankfurt am Main","(50.1567167, 8.7681275)"
136604711,1495000,385.88,"Höchst, Frankfurt am Main","(50.10248199999999, 8.547457099999999)"
140873436,890000,131.3,"Heddernheim, Frankfurt am Main","(50.1612625, 8.6424693)"
130889575,3495000,550.0,"Heddernheim, Frankfurt am Main","(50.1612625, 8.6424693)"
140854338,2599000,489.0,"Sachsenhausen-Süd, Frankfurt am Main","(50.1011147, 8.685017799999999)"
140324171,630000,300.0,"Nieder-Eschbach, Frankfurt am Main","(50.1986096, 8.6706668)"
136124849,3000000,349.0,"Sachsenhausen-Nord, Frankfurt am Main","(50.1011147, 8.685017799999999)"
140322622,1690000,390.0,"Niederrad, Frankfurt am Main","(50.083698, 8.6443596)"
139594229,625000,210.0,"Bergen-Enkheim, Frankfurt am Main","(50.1567167, 8.7681275)"
141113031,598500,109.24,"Niederursel, Frankfurt am Main","(50.16547620000001, 8.621266499999999)"
140899821,410000,145.0,"Fontanestraße 19, Dornbusch, Frankfurt am Main","(50.1485723, 8.663898699999999)"
140429104,637000,135.0,"Nieder-Erlenbach, Frankfurt am Main","(50.2031338, 8.7028716)"
141109824,859000,277.0,"Nied, Frankfurt am Main","(50.10631009999999, 8.576834999999999)"
138080692,795000,116.26,"Praunheim, Frankfurt am Main","(50.149333, 8.6188412)"
138853797,799000,136.0,"Nieder-Eschbach, Frankfurt am Main","(50.1986096, 8.6706668)"
140309366,529000,130.0,"Nied, Frankfurt am Main","(50.10631009999999, 8.576834999999999)"
130567377,629000,174.0,"Unterliederbach, Frankfurt am Main","(50.1077555, 8.5286805)"
137568285,895000,217.65,"Fechenheim, Frankfurt am Main","(50.1247735, 8.7574953)"
140693057,599000,112.2,"Heddernheim, Frankfurt am Main","(50.1612625, 8.6424693)"
140125143,980000,123.0,"Niederursel, Frankfurt am Main","(50.16547620000001, 8.621266499999999)"
137666971,1249000,315.0,"Griesheim, Frankfurt am Main","(50.0965406, 8.5987565)"
140123902,1241000,184.0,"Preungesheim, Frankfurt am Main","(50.1542684, 8.6976313)"
137389592,760000,135.0,"Niederursel, Frankfurt am Main","(50.16547620000001, 8.621266499999999)"
137301504,695000,197.0,"Zeilsheim, Frankfurt am Main","(50.0968467, 8.4946741)"
141095328,339000,60.0,"Griesheim, Frankfurt am Main","(50.0965406, 8.5987565)"
136214108,399000,64.0,"Griesheim, Frankfurt am Main","(50.0965406, 8.5987565)"
141093970,691000,175.0,"Bechtenwaldstraße X, Zeilsheim, Frankfurt am Main","(50.098548, 8.5019326)"
141093583,399000,100.0,"Schwanheim, Frankfurt am Main","(50.085849, 8.5896714)"
139217945,1377500,152.45,"Kelsterbacherstr. 72, Niederrad, Frankfurt am Main","(50.0881084, 8.6402038)"
139576414,450000,80.85,"Frankfurter Berg, Frankfurt am Main","(50.1666804, 8.673822399999999)"
137146491,499000,116.03,"Kalbach-Riedberg, Frankfurt am Main","(50.1863086, 8.6493991)"
141092833,980000,212.0,"Seckbach, Frankfurt am Main","(50.1450463, 8.7236713)"
134300687,1100000,185.0,"Zeilsheim, Frankfurt am Main","(50.0968467, 8.4946741)"
139031767,1600000,200.0,"Niederrad, Frankfurt am Main","(50.083698, 8.6443596)"
138842881,695000,145.0,"Kalbach-Riedberg, Frankfurt am Main","(50.1863086, 8.6493991)"
140113522,949000,195.0,"Kalbach-Riedberg, Frankfurt am Main","(50.1863086, 8.6493991)"
139400480,580000,135.0,"Bergen-Enkheim, Frankfurt am Main","(50.1567167, 8.7681275)"
138216825,3390000,352.0,"Sachsenhausen-Süd, Frankfurt am Main","(50.1011147, 8.685017799999999)"
130372733,3200000,749.0,"Gutleutviertel, Frankfurt am Main","(50.1016527, 8.6595725)"
130372798,3800000,765.0,"Rödelheim, Frankfurt am Main","(50.127714, 8.607680499999999)"
140458237,545000,180.0,"Sossenheim, Frankfurt am Main","(50.12408110000001, 8.572095)"
140458185,545000,180.0,"Sossenheim, Frankfurt am Main","(50.12408110000001, 8.572095)"
141084620,640000,107.0,"Niederursel, Frankfurt am Main","(50.16547620000001, 8.621266499999999)"
141084574,1399000,430.0,"Nieder-Erlenbach, Frankfurt am Main","(50.2031338, 8.7028716)"
141083913,673000,95.0,"Sossenheim, Frankfurt am Main","(50.12408110000001, 8.572095)"
141083768,490000,126.0,"Sindlingen, Frankfurt am Main","(50.080234, 8.509426399999999)"
140859897,688000,126.0,"Frankfurter Berg, Frankfurt am Main","(50.1666804, 8.673822399999999)"
138036107,379000,125.06,"Sossenheim, Frankfurt am Main","(50.12408110000001, 8.572095)"
138194624,945000,269.0,"Nieder-Erlenbach, Frankfurt am Main","(50.2031338, 8.7028716)"
115709527,1400000,150.0,"Kalbach-Riedberg, Frankfurt am Main","(50.1863086, 8.6493991)"
139367419,1498600,141.4,"Walter-Gropius-Straße 5, Kalbach-Riedberg, Frankfurt am Main","(50.1769857, 8.6195979)"
141075723,1098000,192.0,"Eschersheim, Frankfurt am Main","(50.1562178, 8.6574949)"
141073302,699900,146.0,"Griesheim, Frankfurt am Main","(50.0965406, 8.5987565)"
131598953,499000,130.0,"Spohrstraße 41, Nordend-West, Frankfurt am Main","(50.1291749, 8.6903191)"
133139394,1350000,410.0,"Bergen-Enkheim, Frankfurt am Main","(50.1567167, 8.7681275)"
138828898,4400000,888.0,"Ostend, Frankfurt am Main","(50.1115462, 8.705952400000001)"
139756662,1290000,381.83,"Bergen-Enkheim, Frankfurt am Main","(50.1567167, 8.7681275)"
139931958,2450000,413.0,"Rödelheim, Frankfurt am Main","(50.127714, 8.607680499999999)"
140656236,998000,166.0,"Eschersheim, Frankfurt am Main","(50.1562178, 8.6574949)"
137122640,3520000,402.0,"Sachsenhausen-Süd, Frankfurt am Main","(50.1011147, 8.685017799999999)"
141068576,595000,224.0,"Sossenheim, Frankfurt am Main","(50.12408110000001, 8.572095)"
140257840,487500,85.95,"Bonames, Frankfurt am Main","(50.18137660000001, 8.664562499999999)"
140845098,1095000,218.0,"Harheim, Frankfurt am Main","(50.1838383, 8.683584699999999)"
138173522,899000,146.72,"Taschnerstr 56, Bergen-Enkheim, Frankfurt am Main","(50.1463843, 8.7487806)"
137917085,895000,226.0,"Höchst, Frankfurt am Main","(50.10248199999999, 8.547457099999999)"
140957351,5750000,1.53,"Griesheim, Frankfurt am Main","(50.0965406, 8.5987565)"
139924387,1250000,277.14,"Hartmannsweilerstr. 49, Griesheim, Frankfurt am Main","(50.0916995, 8.6082272)"
136190146,800000,210.0,"Zeilsheim, Frankfurt am Main","(50.0968467, 8.4946741)"
139921977,1998000,250.0,"Bergen-Enkheim, Frankfurt am Main","(50.1567167, 8.7681275)"
134577512,1098000,254.0,"Sossenheim, Frankfurt am Main","(50.12408110000001, 8.572095)"
141056792,1365000,460.0,"Fechenheim, Frankfurt am Main","(50.1247735, 8.7574953)"
140651273,549500,155.24,"Schwanheim, Frankfurt am Main","(50.085849, 8.5896714)"
138004086,2680000,447.0,"Diesterwegstraße 16, Sachsenhausen-Nord, Frankfurt am Main","(50.1009402, 8.6825928)"
140650714,950000,167.0,"Heddernheim, Frankfurt am Main","(50.1612625, 8.6424693)"
136648237,1490000,296.15,"Bergen-Enkheim, Frankfurt am Main","(50.1567167, 8.7681275)"
134426470,745000,225.0,"Schwanheim, Frankfurt am Main","(50.085849, 8.5896714)"
135062360,798500,230.0,"Bockenheim, Frankfurt am Main","(50.11911509999999, 8.6435868)"
139217781,795000,200.0,"Sossenheim, Frankfurt am Main","(50.12408110000001, 8.572095)"
139727509,2800000,330.0,"Preungesheim, Frankfurt am Main","(50.1542684, 8.6976313)"
139368805,997930,372.0,"Bergen-Enkheim, Frankfurt am Main","(50.1567167, 8.7681275)"
138177542,569000,140.0,"Sossenheim, Frankfurt am Main","(50.12408110000001, 8.572095)"
136290014,470000,82.0,"Zeilsheim, Frankfurt am Main","(50.0968467, 8.4946741)"
140831536,599000,170.1,"Niederrad, Frankfurt am Main","(50.083698, 8.6443596)"
139511340,1290000,120.54,"Dornbusch, Frankfurt am Main","(50.1479878, 8.6663255)"
138790911,879432,130.0,"Nieder-Erlenbach, Frankfurt am Main","(50.2031338, 8.7028716)"
139896571,520000,90.0,"Kullmannstr. 7, Preungesheim, Frankfurt am Main","(50.1453193, 8.6967018)"
141033490,775000,157.0,"Heddernheim, Frankfurt am Main","(50.1612625, 8.6424693)"
138441990,810000,250.0,"Fechenheim, Frankfurt am Main","(50.1247735, 8.7574953)"
140623291,699000,163.84,"Griesheim, Frankfurt am Main","(50.0965406, 8.5987565)"
137575989,1100000,515.0,"Ostend, Frankfurt am Main","(50.1115462, 8.705952400000001)"
137118681,1050000,233.0,"Eschersheim, Frankfurt am Main","(50.1562178, 8.6574949)"
136942291,590000,151.0,"Dornbusch, Frankfurt am Main","(50.1479878, 8.6663255)"
136796100,3790000,514.0,"Nordend-West, Frankfurt am Main","(50.1294372, 8.6832832)"
140797589,670000,106.0,"Höchst, Frankfurt am Main","(50.10248199999999, 8.547457099999999)"
139705987,749000,0.0,"Gallus, Frankfurt am Main","(50.1047735, 8.642458)"
136793730,399000,159.0,"Nied, Frankfurt am Main","(50.10631009999999, 8.576834999999999)"
138561393,785000,190.0,"Schwanheim, Frankfurt am Main","(50.085849, 8.5896714)"
136957168,460000,165.0,"Niederursel, Frankfurt am Main","(50.16547620000001, 8.621266499999999)"
140816218,1295000,175.0,"Frankfurter Berg, Frankfurt am Main","(50.1666804, 8.673822399999999)"
139128440,450000,125.0,"An der Walkmühle 15, Nieder-Eschbach, Frankfurt am Main","(50.2004751, 8.671649900000002)"
140974018,1550000,395.0,"Nordend-Ost, Frankfurt am Main","(50.12707529999999, 8.6974679)"
140585444,5550000,1.171,"Niederursel, Frankfurt am Main","(50.16547620000001, 8.621266499999999)"
140621901,197000,0.0,"Sachsenhausen-Süd, Frankfurt am Main","(50.1011147, 8.685017799999999)"
131907715,840000,116.0,"Bockenheim, Frankfurt am Main","(50.11911509999999, 8.6435868)"
137879340,1200000,171.0,"Im Klingenfeld 75, Berkersheim, Frankfurt am Main","(50.16860399999999, 8.6882158)"
136604107,760000,140.0,"Nieder-Eschbach, Frankfurt am Main","(50.1986096, 8.6706668)"
138087654,649000,180.0,"Rödelheim, Frankfurt am Main","(50.127714, 8.607680499999999)"
140045743,891000,345.0,"Bergen-Enkheim, Frankfurt am Main","(50.1567167, 8.7681275)"
136773535,890000,145.0,"Nieder-Eschbach, Frankfurt am Main","(50.1986096, 8.6706668)"
138784557,715000,158.0,"Bonames, Frankfurt am Main","(50.18137660000001, 8.664562499999999)"
137532569,895000,230.0,"Johanna-Tesch-Platz 24, Riederwald, Frankfurt am Main","(50.1271863, 8.7284542)"
136280285,2980000,584.05,"Bornheim, Frankfurt am Main","(50.1309177, 8.7088466)"
140574712,450000,116.0,"Riedstr. 13a, Bergen-Enkheim, Frankfurt am Main","(50.1494699, 8.7547078)"
134659190,595000,84.0,"Praunheim, Frankfurt am Main","(50.149333, 8.6188412)"
137395878,1390000,145.0,"Schwanheim, Frankfurt am Main","(50.085849, 8.5896714)"
138285065,677000,340.0,"Nieder-Eschbach, Frankfurt am Main","(50.1986096, 8.6706668)"
140951513,880000,168.0,"Louis-Pasteur-Straße X, Niederursel, Frankfurt am Main","(50.1679198, 8.6384113)"
140950377,403000,84.0,"Steinkleestraße X, Eckenheim, Frankfurt am Main","(50.1522912, 8.6828371)"
140949386,2400000,560.0,"Geleitstraße X, Sachsenhausen-Süd, Frankfurt am Main","(50.0989847, 8.6931062)"
139833052,1850000,300.0,"Sossenheim, Frankfurt am Main","(50.12408110000001, 8.572095)"
134982628,1195500,178.18,"Sossenheim, Frankfurt am Main","(50.12408110000001, 8.572095)"
138905551,3995000,616.0,"Nordend-West, Frankfurt am Main","(50.1294372, 8.6832832)"
139638470,1198000,152.0,"Kalbach-Riedberg, Frankfurt am Main","(50.1863086, 8.6493991)"
140186535,4950000,380.0,"Westend-Süd, Frankfurt am Main","(50.1157078, 8.6591469)"
140939127,1890000,282.0,"Dornbusch, Frankfurt am Main","(50.1479878, 8.6663255)"
140535141,1200000,428.3,"Griesheim, Frankfurt am Main","(50.0965406, 8.5987565)"
137206590,2950000,283.0,"Niederrad, Frankfurt am Main","(50.083698, 8.6443596)"
139631198,1000000,200.0,"Unterliederbach, Frankfurt am Main","(50.1077555, 8.5286805)"
132822649,799000,153.26,"Bonames, Frankfurt am Main","(50.18137660000001, 8.664562499999999)"
136723455,1150000,240.0,"Zeilsheim, Frankfurt am Main","(50.0968467, 8.4946741)"
130154930,1199000,182.3,"Goldbergweg 71, Oberrad, Frankfurt am Main","(50.0959651, 8.716975099999999)"
138929823,1349000,138.55,"Kalbach-Riedberg, Frankfurt am Main","(50.1863086, 8.6493991)"
140752994,1150000,180.0,"Seckbach, Frankfurt am Main","(50.1450463, 8.7236713)"
140919199,1300000,302.0,"Griesheim, Frankfurt am Main","(50.0965406, 8.5987565)"
137198927,3500000,263.0,"Bergen-Enkheim, Frankfurt am Main","(50.1567167, 8.7681275)"
140153451,1150000,134.0,"Harheim, Frankfurt am Main","(50.1838383, 8.683584699999999)"
138297075,919000,246.0,"Bergen-Enkheim, Frankfurt am Main","(50.1567167, 8.7681275)"
140686995,403000,84.0,"Steinkleestraße 12, Eckenheim, Frankfurt am Main","(50.1507717, 8.683643199999999)"
138881207,980000,260.0,"Goldgrubenstrasse 25, Niederursel, Frankfurt am Main","(50.1649233, 8.6271512)"
140158161,555500,314.0,"Frankfurter Berg, Frankfurt am Main","(50.1666804, 8.673822399999999)"
138879865,2600000,368.0,"Innenstadt, Frankfurt am Main","(50.11065929999999, 8.675272099999999)"
140902544,1400000,137.0,"Kalbach-Riedberg, Frankfurt am Main","(50.1863086, 8.6493991)"
140334772,1300000,211.38,"Bornheim, Frankfurt am Main","(50.1309177, 8.7088466)"
139247116,850000,286.31,"Schwanheim, Frankfurt am Main","(50.085849, 8.5896714)"
139220400,795000,200.0,"Sossenheim, Frankfurt am Main","(50.12408110000001, 8.572095)"
139598052,349000,90.0,"Zeilsheim, Frankfurt am Main","(50.0968467, 8.4946741)"
139596990,698000,150.0,"Bonames, Frankfurt am Main","(50.18137660000001, 8.664562499999999)"
141095345,769000,330.0,"Unterliederbach, Frankfurt am Main","(50.1077555, 8.5286805)"
141093178,585000,101.21,"Fechenheim, Frankfurt am Main","(50.1247735, 8.7574953)"
140992128,1089000,197.77,"Nieder-Eschbach, Frankfurt am Main","(50.1986096, 8.6706668)"
140898334,1375000,380.0,"Sindlingen, Frankfurt am Main","(50.080234, 8.509426399999999)"
140845493,899000,196.0,"Diezer Str. 5, Heddernheim, Frankfurt am Main","(50.1575147, 8.6477566)"
140771566,779000,119.26,"Unterliederbach, Frankfurt am Main","(50.1077555, 8.5286805)"
140757571,1080000,224.0,"Griesheim, Frankfurt am Main","(50.0965406, 8.5987565)"
140734401,680000,128.0,"Nieder-Eschbach, Frankfurt am Main","(50.1986096, 8.6706668)"
140634501,4900000,700.0,"Nordend-West, Frankfurt am Main","(50.1294372, 8.6832832)"
140621042,1250000,128.0,"Hausen, Frankfurt am Main","(50.13494739999999, 8.6270024)"
140572289,1090000,145.0,"Eckenheim, Frankfurt am Main","(50.1501788, 8.6830901)"
140450479,359000,94.77,"Frankfurter Berg, Frankfurt am Main","(50.1666804, 8.673822399999999)"
140358097,899000,196.0,"Diezer Str. 5, Heddernheim, Frankfurt am Main","(50.1575147, 8.6477566)"
140286047,4100000,406.2,"Sachsenhausen-Süd, Frankfurt am Main","(50.1011147, 8.685017799999999)"
140259218,899000,112.0,"Sachsenhausen-Nord, Frankfurt am Main","(50.1011147, 8.685017799999999)"
140180021,1100000,365.41,"Höchst, Frankfurt am Main","(50.10248199999999, 8.547457099999999)"
140178202,3950000,281.0,"Nordend-West, Frankfurt am Main","(50.1294372, 8.6832832)"
140081207,779000,113.0,"Akazienstraße 29, Griesheim, Frankfurt am Main","(50.0987987, 8.6010541)"
140000433,4400000,690.0,"Fechenheim, Frankfurt am Main","(50.1247735, 8.7574953)"
139927941,892500,256.0,"Seckbach, Frankfurt am Main","(50.1450463, 8.7236713)"
139848554,735000,120.0,"Kalbach-Riedberg, Frankfurt am Main","(50.1863086, 8.6493991)"
139810807,675000,135.0,"Kolbenbergstraße 5, Praunheim, Frankfurt am Main","(50.1486108, 8.6215645)"
139546529,1040000,230.0,"Boskoopstr. 36, Preungesheim, Frankfurt am Main","(50.15798059999999, 8.6972728)"
139457224,899000,196.0,"Diezer Str. 5, Heddernheim, Frankfurt am Main","(50.1575147, 8.6477566)"
139383765,779000,120.0,"Kalbach-Riedberg, Frankfurt am Main","(50.1863086, 8.6493991)"
139366938,790000,135.54,"Bonames, Frankfurt am Main","(50.18137660000001, 8.664562499999999)"
139202129,1500000,200.0,"Preungesheim, Frankfurt am Main","(50.1542684, 8.6976313)"
139190846,1200000,153.0,"Oberrad, Frankfurt am Main","(50.1002823, 8.7242791)"
139181444,890405,393.0,"Unterliederbach, Frankfurt am Main","(50.1077555, 8.5286805)"
139096930,370000,65.0,"Ligusterweg 34, Frankfurter Berg, Frankfurt am Main","(50.1651873, 8.6722731)"
138918317,1790000,240.0,"Westend-Süd, Frankfurt am Main","(50.1157078, 8.6591469)"
138321222,3960000,114.0,"Altstadt, Frankfurt am Main","(50.1100897, 8.6822492)"
138304166,850000,145.0,"Praunheim, Frankfurt am Main","(50.149333, 8.6188412)"
138280573,1750000,280.47,"Nieder-Erlenbach, Frankfurt am Main","(50.2031338, 8.7028716)"
138188120,2650000,225.27,"Nordend-West, Frankfurt am Main","(50.1294372, 8.6832832)"
138111680,790000,135.0,"Klosterhofstr. 168, Zeilsheim, Frankfurt am Main","(50.090865, 8.500357300000001)"
137878324,1250000,292.11,"Kalbach-Riedberg, Frankfurt am Main","(50.1863086, 8.6493991)"
137798545,799000,158.0,"Ginnheim, Frankfurt am Main","(50.1424791, 8.6475496)"
137679850,2700000,560.0,"Frankfurter Berg, Frankfurt am Main","(50.1666804, 8.673822399999999)"
137581441,499000,90.57,"Nieder-Eschbach, Frankfurt am Main","(50.1986096, 8.6706668)"
137548601,3700000,114.0,"Altstadt, Frankfurt am Main","(50.1100897, 8.6822492)"
137429495,2300000,601.0,"Nieder-Eschbach, Frankfurt am Main","(50.1986096, 8.6706668)"
137060653,815000,140.0,"Niederrad, Frankfurt am Main","(50.083698, 8.6443596)"
137045136,3100000,398.0,"Höchst, Frankfurt am Main","(50.10248199999999, 8.547457099999999)"
137029429,2590000,424.0,"Dornbusch, Frankfurt am Main","(50.1479878, 8.6663255)"
136906357,595000,130.0,"Hausen, Frankfurt am Main","(50.13494739999999, 8.6270024)"
136363026,1185000,143.0,"Unterliederbach, Frankfurt am Main","(50.1077555, 8.5286805)"
